{
    "oshima_land": {
        "launch_LLH": [34.736139, 139.421333, 0.0],
        "safety_area_LLH":[[34.735950, 139.420860, 0.0],
                           [34.731750, 139.421940, 0.0],
                           [34.733287, 139.424590, 0.0],
                           [34.736955, 139.426038, 0.0],
                           [34.738908, 139.423597, 0.0],
                           [34.740638, 139.420681, 0.0],
                           [34.740990, 139.419530, 0.0]],
        "headquarters_LLH":[34.730722, 139.422547, 0.0],
        "fire_LLH":[34.735722, 139.421917, 0.0],
        "xlim_ENU":[-700, 800],
        "ylim_ENU":[-800, 700],
        "x_offset":-5.0,
        "y_offset":0.0,
        "img":"PlotLandingScatter/launch_site/img/oshima_land_ver2.png"
    },

    "oshima_sea": {
        "launch_LLH": [34.679730, 139.438373, 0.0],
        "center_circle_LLH":[34.661857, 139.454987, 5.0],
        "radius":2500,
        "edge1_LLH":[34.684392, 139.454677, 1.0],
        "edge2_LLH":[34.667917, 139.428718, 1.0],
        "xlim_ENU":[-2015, 4810],
        "ylim_ENU":[-4860, 1050],
        "x_offset":0.0,
        "y_offset":0.0,
        "img":"PlotLandingScatter/launch_site/img/oshima_sea.png"
    },

    "noshiro_land": {
        "launch_LLH": [40.138633, 139.984850, 0.0],
        "safety_area_LLH":[[40.1349508, 139.981351, 20.0],
                           [40.1347478, 139.981871, 20.0],
                           [40.1356390, 139.983324, 20.0],
                           [40.1380530, 139.985781, 20.0],
                           [40.1400941, 139.986823, 20.0],
                           [40.1411762, 139.988142, 20.0],
                           [40.1420251, 139.985234, 20.0]],
        "xlim_ENU":[-365, 335],
        "ylim_ENU":[-500, 400],
        "x_offset":20.0,
        "y_offset":0.0,
        "img":"PlotLandingScatter/launch_site/img/noshiro_land_ver2.png"
    },

    "noshiro_sea": {
        "launch_LLH": [40.242865, 140.010450, 5.3],
        "center_circle_LLH":[40.24680277, 139.98753611, 5.0],
        "radius":2000,
        "edge1_LLH":[40.243015, 140.007566, 1.0],
        "edge2_LLH":[40.235585, 140.005619, 1.0],
        "xlim_ENU":[-3500, 500],
        "ylim_ENU":[-1500, 2000],
        "x_offset":0.0,
        "y_offset":0.0,
        "img":"PlotLandingScatter/launch_site/img/noshiro_sea.png"
    }
}