{
    "oshima_land": {
        "launch_LLH": [34.736139, 139.421333, 0.0],
        "safety_area_LLH":[[34.735950, 139.420860, 0.0],
                           [34.731750, 139.421940, 0.0],
                           [34.733287, 139.424590, 0.0],
                           [34.736955, 139.426038, 0.0],
                           [34.738908, 139.423597, 0.0],
                           [34.740638, 139.420681, 0.0],
                           [34.740990, 139.419530, 0.0]],
        "headquarters_LLH":[34.730722, 139.422547, 0.0],
        "fire_LLH":[34.735722, 139.421917, 0.0]
    },

    "oshima_sea": {
        "launch_LLH": [34.679730, 139.438373, 0.0],
        "center_circle_LLH":[34.661857, 139.454987, 5.0],
        "radius":2500,
        "edge1_LLH":[34.684392, 139.454677, 1.0],
        "edge2_LLH":[34.667917, 139.428718, 1.0]
    },

    "noshiro_land": {
        "launch_LLH": [40.138633, 139.984850, 0.0],
        "safety_area_LLH":[[40.139725, 139.983939, 20.0],
                           [40.136127, 139.982133, 20.0],
                           [40.135607, 139.981753, 20.0],
                           [40.134911, 139.981451, 20.0],
                           [40.134821, 139.981692, 20.0],
                           [40.135639, 139.983324, 20.0],
                           [40.137052, 139.984608, 20.0],
                           [40.138053, 139.985781, 20.0],
                           [40.139075, 139.986297, 20.0]]
    },

    "noshiro_sea": {
        "launch_LLH": [40.242865, 140.010450, 5.3],
        "center_circle_LLH":[40.24680277, 139.98753611, 5.0],
        "radius":2000,
        "edge1_LLH":[40.243015, 140.007566, 1.0],
        "edge2_LLH":[40.235585, 140.005619, 1.0]
    }
}