Mach,CNa
0.296078454,17.13206413
0.6,17.13206413
1.09549028,18.3
1.199117739,18.9
