Mach,Lcp
0.296078454,2.190752451
0.6,2.190752451
1.09549028,2.3
1.199117739,2.24
